Address,Total
0xe207f98c7ad7f7b3895d4a105453e898771e2067,448.791981074
0x1e1b693dee731fba3c3d7da25875bfb0cdb265c7,363.285941737
0xc5f38fd483d1323162171f6ae215504a90d85b50,114.569830700
0xb26655ebee9dfa2f8d20523fe7cae45cbe0122a2,3.334641433
0xcafd432b7ecafff352d92fcb81c60380d437e99d,0.017605055
