Address,Total
0xe207f98c7ad7f7b3895d4a105453e898771e2067,766.833014691
0xb26655ebee9dfa2f8d20523fe7cae45cbe0122a2,59.753825282
0xc5f38fd483d1323162171f6ae215504a90d85b50,43.413160027
