Address,Total
0xe207f98c7ad7f7b3895d4a105453e898771e2067,824.089483883
0xc5f38fd483d1323162171f6ae215504a90d85b50,73.968653954
0xb26655ebee9dfa2f8d20523fe7cae45cbe0122a2,31.941862164
